<?xml version="1.0" encoding="windows-1252"?>
<Collection name="Donations" guid="{A44634C2-D002-428E-818E-1531BF1EBFB0}" system="No" updatable="Yes" blockNavigatorNode="No">
	<HelpLink>http://support.contensive.com/</HelpLink>
	<Help></Help>
	<Addon name="Donation Form" guid="{E480941D-8696-4E5C-91EC-8E68977A2E9B}" type="Add-on">
		<Copy></Copy>
		<CopyText></CopyText>
		<ActiveXProgramID></ActiveXProgramID>
		<DotNetClass><![CDATA[Contensive.Addons.aoDonationForm.donationClass]]></DotNetClass>
		<ArgumentList></ArgumentList>
		<AsAjax>No</AsAjax>
		<Filter>No</Filter>
		<Help></Help>
		<HelpLink></HelpLink>
		<Icon Link="" width="0" height="0" sprites="0" />
		<InIframe>No</InIframe>
		<BlockEditTools>No</BlockEditTools>
		<FormXML></FormXML>
		<IsInline>No</IsInline>
		<JavascriptOnLoad></JavascriptOnLoad>
		<JavascriptInHead></JavascriptInHead>
		<JavascriptBodyEnd><![CDATA[jQuery(document).ready(function(){
		//
		//	continue button
		//
		jQuery('body').on('click','#DFContinue', function() {
			if (!validateForm()) {
				return false;
			};

			//
			cj.ajax.addon('DonationFormHandler', '', 'DFForm', 'DFContainer','','');
			setSpinner('DFContainer','Processing Form...');
			//
			return false;
		});
		//
	});
//DFBind();
//
function DFBind(){
};
//
//
//
function validateForm() {
	var errFlag;
	var errMsg;
	//
	var DFFirstName = $('#DFFirstName').val();
	var DFLastName = $('#DFLastName').val();
	var DFEmail = $('#DFEmail').val();
	var DFPhone = $('#DFPhone').val();
	var DFAddress = $('#DFAddress').val();
	var DFCity = $('#DFCity').val();
	var DFStateID = $('#DFStateID').val();
	var DFZip = $('#DFZip').val();
	var DFAmount = $('#DFAmount').val();
	//var DFCardName = $('#DFCardName').val();
	//var DFCardNumber = $('#DFCardNumber').val();
	//var DFCardExpMonth = $('#DFCardExpMonth').val();
	//var DFCardExpYear = $('#DFCardExpYear').val();
	//var DFCardAddress = $('#DFCardAddress').val();
	//var DFCardZip = $('#DFCardZip').val();
	//var DFCardCVV = $('#DFCardCVV').val();
	//
	if (DFFirstName==null || DFFirstName=='') {
		$('#DFFirstName').css('background-color', '#CACACA');
		errFlag = 1;
	} else {
		$('#DFFirstName').css('background-color', '#FFFFFF');
	};
	//
	if (DFLastName==null || DFLastName=='') {
		$('#DFLastName').css('background-color', '#CACACA');
		errFlag = 1;
	} else {
		$('#DFLastName').css('background-color', '#FFFFFF');
	};
	//
	if (DFEmail==null || DFEmail=='') {
		$('#DFEmail').css('background-color', '#CACACA');
		errFlag = 1;
	} else {
		$('#DFEmail').css('background-color', '#FFFFFF');
	};
	//
	if (DFPhone==null || DFPhone=='') {
		$('#DFPhone').css('background-color', '#CACACA');
		errFlag = 1;
	} else {
		$('#DFPhone').css('background-color', '#FFFFFF');
	};
	//
	if (DFPhone==null || DFPhone=='') {
		$('#DFPhone').css('background-color', '#CACACA');
		errFlag = 1;
	} else {
		$('#DFPhone').css('background-color', '#FFFFFF');
	};
	//
	if (DFAddress==null || DFAddress=='') {
		$('#DFAddress').css('background-color', '#CACACA');
		errFlag = 1;
	} else {
		$('#DFAddress').css('background-color', '#FFFFFF');
	};
	//
	if (DFCity==null || DFCity=='') {
		$('#DFCity').css('background-color', '#CACACA');
		errFlag = 1;
	} else {
		$('#DFCity').css('background-color', '#FFFFFF');
	};
	//
	if (DFStateID==null || DFStateID=='' || DFStateID=='0') {
		$('#DFStateID').css('background-color', '#CACACA');
		errFlag = 1;
	} else {
		$('#DFStateID').css('background-color', '#FFFFFF');
	};
	//
	if (DFZip==null || DFZip=='') {
		$('#DFZip').css('background-color', '#CACACA');
		errFlag = 1;
	} else {
		$('#DFZip').css('background-color', '#FFFFFF');
	};
	//
	if (DFAmount==null || DFAmount=='') {
		$('#DFAmount').css('background-color', '#CACACA');
		errFlag = 1;
	} else {
		$('#DFAmount').css('background-color', '#FFFFFF');
	};
	//
	//if (DFCardName==null || DFCardName=='') {
		//$('#DFCardName').css('background-color', '#CACACA');
		//errFlag = 1;
	//} else {
		//$('#DFCardName').css('background-color', '#FFFFFF');
	//};
	//
	//if (DFCardNumber==null || DFCardNumber=='') {
		//$('#DFCardNumber').css('background-color', '#CACACA');
		//errFlag = 1;
	//} else {
		//$('#DFCardNumber').css('background-color', '#FFFFFF');
	//};
	//
	//if (DFCardExpMonth==null || DFCardExpMonth=='') {
		//$('#DFCardExpMonth').css('background-color', '#CACACA');
		//errFlag = 1;
	//} else {
	//	$('#DFCardExpMonth').css('background-color', '#FFFFFF');
	//};
	//
	//if (DFCardExpYear==null || DFCardExpYear=='') {
		//$('#DFCardExpYear').css('background-color', '#CACACA');
		//errFlag = 1;
	//} else {
		//$('#DFCardExpYear').css('background-color', '#FFFFFF');
	//};
	////
	//if (DFCardAddress==null || DFCardAddress=='') {
	//	$('#DFCardAddress').css('background-color', '#CACACA');
	//	errFlag = 1;
	//} else {
	//	$('#DFCardAddress').css('background-color', '#FFFFFF');
	//};
	////
	//if (DFCardZip==null || DFCardZip=='') {
	//	$('#DFCardZip').css('background-color', '#CACACA');
	//	errFlag = 1;
	//} else {
	//	$('#DFCardZip').css('background-color', '#FFFFFF');
	//};
	////
	//if (DFCardCVV==null || DFCardCVV=='') {
	//	$('#DFCardCVV').css('background-color', '#CACACA');
	//	errFlag = 1;
	//} else {
	//	$('#DFCardCVV').css('background-color', '#FFFFFF');
	//};
	//
	if (errFlag==1) {
		if (errMsg=='' || errMsg==null || errMsg=='undefined')
		{
			errMsg = 'Please complete all required fields in order to continue.';
		}
		alert(errMsg);
		return false;
	}
	else
	{
		return true;
	}
};
//



]]></JavascriptBodyEnd>
		<MetaDescription></MetaDescription>
		<OtherHeadTags></OtherHeadTags>
		<Content>Yes</Content>
		<Template>No</Template>
		<Email>No</Email>
		<Admin>No</Admin>
		<OnPageEndEvent>No</OnPageEndEvent>
		<OnPageStartEvent>No</OnPageStartEvent>
		<OnBodyStart>No</OnBodyStart>
		<OnBodyEnd>No</OnBodyEnd>
		<RemoteMethod>No</RemoteMethod>
		<ProcessRunOnce>No</ProcessRunOnce>
		<ProcessInterval>0</ProcessInterval>
		<PageTitle></PageTitle>
		<RemoteAssetLink></RemoteAssetLink>
		<Styles></Styles>
		<Scripting Language="" EntryPoint="" Timeout="5000"/>
	</Addon>
	<Addon name="DonationFormHandler" guid="{D82C5786-4BFC-4003-8980-0725B9120572}" type="Add-on">
		<Copy></Copy>
		<CopyText></CopyText>
		<ActiveXProgramID></ActiveXProgramID>
		<DotNetClass><![CDATA[Contensive.Addons.aoDonationForm.donationHandlerClass]]></DotNetClass>
		<ArgumentList></ArgumentList>
		<AsAjax>No</AsAjax>
		<Filter>No</Filter>
		<Help></Help>
		<HelpLink></HelpLink>
		<Icon Link="" width="0" height="0" sprites="0" />
		<InIframe>No</InIframe>
		<BlockEditTools>No</BlockEditTools>
		<FormXML></FormXML>
		<IsInline>No</IsInline>
		<JavascriptOnLoad></JavascriptOnLoad>
		<JavascriptInHead></JavascriptInHead>
		<JavascriptBodyEnd></JavascriptBodyEnd>
		<MetaDescription></MetaDescription>
		<OtherHeadTags></OtherHeadTags>
		<Content>No</Content>
		<Template>No</Template>
		<Email>No</Email>
		<Admin>No</Admin>
		<OnPageEndEvent>No</OnPageEndEvent>
		<OnPageStartEvent>No</OnPageStartEvent>
		<OnBodyStart>No</OnBodyStart>
		<OnBodyEnd>No</OnBodyEnd>
		<RemoteMethod>Yes</RemoteMethod>
		<ProcessRunOnce>No</ProcessRunOnce>
		<ProcessInterval>0</ProcessInterval>
		<PageTitle></PageTitle>
		<RemoteAssetLink></RemoteAssetLink>
		<Styles><![CDATA[#DFForm { margin: 20px 0; }

body,div,p,td,ul,ol,li {font-size:16px;line-height:20px;font-family:arial,verdana,sans-serif;list-style-type: none;}

ul.DFList { list-style: none outside none; margin: 0; padding: 0; }
ul.DFList li.DFButtonRow { margin: 20px 0 0 0; }
ul.DFList li label { display: inline-block; width: 208px; font-size: 15px; margin: 0 15px 0 0; padding: 10px 0 3px 0; }
ul.DFList li label span.Required { font-size: 10px; color: #8E2022; position: relative; right: 0; top: -3px; }
ul.DFList li input[type=text] { padding: 5px; width: 200px; margin: 0 10px 0 0; border: 1px solid #CACACA; }
ul.DFList li select { padding: 5px; width: 213px; margin: 0 10px 0 0; border: 1px solid #CACACA; }
ul.DFList li input.DFTextShort { width: 75px; }
ul.DFList li input.DFTextLong { width: 423px; }

ul.DFList li h4 { margin: 20px 0 0 0; }


ul.DFList li.DFButtonRow a { display: inline; position: relative; font-family: 'HelveticaNeueB',serif; text-align: left; font-size: 15px; text-transform: uppercase; color: #8E2022; padding: 5px 35px 5px 10px; border: 1px solid #8E2022; border-radius: 4px; margin: 0 10px 0 0; }
ul.DFList li.DFButtonRow a span { font-family: 'ButtonBonusCN',serif; font-size: 15px; position: absolute; right: 11px; text-transform: none; top: 5px; }


ul.DFList li select.DFSelectShort { width: 99px; }]]></Styles>
		<Scripting Language="" EntryPoint="" Timeout="5000"/>
	</Addon>
	<data>
		<record content="Layouts" guid="{62DAD87F-A87A-49EA-9C2A-E23E4565C8B6}" name="Donation Form">
			<field name="ACTIVE">True</field>
			<field name="SORTORDER"></field>
			<field name="Layout"><![CDATA[<form id="DFForm">
<ul class="DFList">
<li><label for="DFFirstName"><span class="Required">*</span> First Name</label><label for="DFMiddleName">Middle Initial</label><label for="DFLastName"><span class="Required">*</span> Last Name</label></li>
<li><input id="DFFirstName" type="text" name="DFFirstName"><input id="DFMiddleName" type="text" name="DFMiddleName"><input id="DFLastName" type="text" name="DFLastName"></li>
<li><label for="DFAddress"><span class="Required">*</span> Address</label><label></label></li>
<li><input id="DFAddress" type="text" name="DFAddress"><input id="DFAddress2" type="text" name="DFAddress2"></li>
<li><label for="DFCity"><span class="Required">*</span> City</label><label for="DFState"><span class="Required">*</span> State</label><label for="DFZip"><span class="Required">*</span> Zip</label></li>
<li><input id="DFCity" type="text" name="DFCity">{{State Select}}<input id="DFZip" type="text" name="DFZip"></li>
<li><label for="DFPhone"><span class="Required">*</span> Phone</label><label for="DFEmail"><span class="Required">*</span> Email</label></li>
<li><input id="DFPhone" type="text" name="DFPhone"><input id="DFEmail" type="text" name="DFEmail"></li>
<li><label for="DFAmount"><span class="Required">*</span> Amount</label></li>
<li><input id="DFAmount" type="text" name="DFAmount"></li>
<li><h4>Credit Card Information</h4></li>
&&&&&theform*****

<li class="DFButtonRow"><input type="hidden" name="DFSubmitted" id="DFSubmitted" value="1"><a id="DFContinue" href="#">Submit <span>f</span></a><label> <span class="Required">*</span> Required Fields</label></li>
</ul>
</form>]]></field>
			<field name="StylesFilename"></field>
		</record>
	</data>
	<CDef Name="Donations" Active="1" AdminOnly="0" AllowAdd="1" AllowCalendarEvents="0" AllowContentChildTool="0" AllowContentTracking="0" AllowDelete="1" AllowMetaContent="0" AllowTopicRules="0" AllowWorkflowAuthoring="0" AuthoringDataSourceName="Default" AuthoringTableName="donations" ContentDataSourceName="Default" ContentTableName="donations" DefaultSortMethod="By Name" DeveloperOnly="0" DropDownFieldList="Name" EditorGroupName="" Parent="" IconLink="" IconHeight="0" IconWidth="0" IconSprites="0" isbasecontent="0" guid="{685FFB09-5F88-495C-A895-2861AE00E8A3}" >
		<Field Name="Name" active="True" AdminOnly="False" Authorable="True" Caption="Name" DeveloperOnly="False" EditSortPriority="110" FieldType="Text" HTMLContent="False" IndexColumn="0" IndexSortDirection="" IndexSortOrder="0" IndexWidth="0" RedirectID="0" RedirectPath="" Required="False" TextBuffered="False" UniqueName="False" DefaultValue="" RSSTitle="False" RSSDescription="False" MemberSelectGroupID="0" EditTab="" Scramble="False" LookupList="" NotEditable="False" Password="False" ReadOnly="False" ManyToManyRulePrimaryField="" ManyToManyRuleSecondaryField="" IsModified="False" IsBaseField="False" LookupContent="" RedirectContent="" ManyToManyContent="" ManyToManyRuleContent="" editorAddonId="" >
			<HelpDefault>Name of the donation record - informational purposes only</HelpDefault>
		</Field>
		<Field Name="Active" active="True" AdminOnly="False" Authorable="True" Caption="Active" DeveloperOnly="False" EditSortPriority="200" FieldType="Boolean" HTMLContent="False" IndexColumn="0" IndexSortDirection="" IndexSortOrder="0" IndexWidth="0" RedirectID="0" RedirectPath="" Required="False" TextBuffered="False" UniqueName="False" DefaultValue="1" RSSTitle="False" RSSDescription="False" MemberSelectGroupID="0" EditTab="" Scramble="False" LookupList="" NotEditable="False" Password="False" ReadOnly="False" ManyToManyRulePrimaryField="" ManyToManyRuleSecondaryField="" IsModified="False" IsBaseField="False" LookupContent="" RedirectContent="" ManyToManyContent="" ManyToManyRuleContent="" editorAddonId="" ></Field>
		<Field Name="SortOrder" active="True" AdminOnly="False" Authorable="False" Caption="Alpha Sort Order" DeveloperOnly="False" EditSortPriority="2000" FieldType="Text" HTMLContent="False" IndexColumn="0" IndexSortDirection="" IndexSortOrder="0" IndexWidth="0" RedirectID="0" RedirectPath="" Required="False" TextBuffered="False" UniqueName="False" DefaultValue="" RSSTitle="False" RSSDescription="False" MemberSelectGroupID="0" EditTab="" Scramble="False" LookupList="" NotEditable="False" Password="False" ReadOnly="False" ManyToManyRulePrimaryField="" ManyToManyRuleSecondaryField="" IsModified="False" IsBaseField="False" LookupContent="" RedirectContent="" ManyToManyContent="" ManyToManyRuleContent="" editorAddonId="" ></Field>
		<Field Name="firstName" active="True" AdminOnly="False" Authorable="True" Caption="First Name" DeveloperOnly="False" EditSortPriority="210" FieldType="Text" HTMLContent="False" IndexColumn="0" IndexSortDirection="" IndexSortOrder="0" IndexWidth="" RedirectID="" RedirectPath="" Required="False" TextBuffered="False" UniqueName="False" DefaultValue="" RSSTitle="False" RSSDescription="False" MemberSelectGroupID="0" EditTab="" Scramble="False" LookupList="" NotEditable="False" Password="False" ReadOnly="False" ManyToManyRulePrimaryField="" ManyToManyRuleSecondaryField="" IsModified="False" IsBaseField="False" LookupContent="" RedirectContent="" ManyToManyContent="" ManyToManyRuleContent="" editorAddonId="" >
			<HelpDefault>First name of the user given during the donation</HelpDefault>
		</Field>
		<Field Name="lastName" active="True" AdminOnly="False" Authorable="True" Caption="Last Name" DeveloperOnly="False" EditSortPriority="220" FieldType="Text" HTMLContent="False" IndexColumn="0" IndexSortDirection="" IndexSortOrder="0" IndexWidth="" RedirectID="" RedirectPath="" Required="False" TextBuffered="False" UniqueName="False" DefaultValue="" RSSTitle="False" RSSDescription="False" MemberSelectGroupID="0" EditTab="" Scramble="False" LookupList="" NotEditable="False" Password="False" ReadOnly="False" ManyToManyRulePrimaryField="" ManyToManyRuleSecondaryField="" IsModified="False" IsBaseField="False" LookupContent="" RedirectContent="" ManyToManyContent="" ManyToManyRuleContent="" editorAddonId="" >
			<HelpDefault>Last name of the user given during the donation</HelpDefault>
		</Field>
		<Field Name="middleName" active="True" AdminOnly="False" Authorable="True" Caption="Middle Name" DeveloperOnly="False" EditSortPriority="215" FieldType="Text" HTMLContent="False" IndexColumn="0" IndexSortDirection="" IndexSortOrder="0" IndexWidth="" RedirectID="" RedirectPath="" Required="False" TextBuffered="False" UniqueName="False" DefaultValue="" RSSTitle="False" RSSDescription="False" MemberSelectGroupID="0" EditTab="" Scramble="False" LookupList="" NotEditable="False" Password="False" ReadOnly="False" ManyToManyRulePrimaryField="" ManyToManyRuleSecondaryField="" IsModified="False" IsBaseField="False" LookupContent="" RedirectContent="" ManyToManyContent="" ManyToManyRuleContent="" editorAddonId="" >
			<HelpDefault>Middle name of the user given during the donation</HelpDefault>
		</Field>
		<Field Name="address" active="True" AdminOnly="False" Authorable="True" Caption="Address" DeveloperOnly="False" EditSortPriority="230" FieldType="Text" HTMLContent="False" IndexColumn="0" IndexSortDirection="" IndexSortOrder="0" IndexWidth="" RedirectID="" RedirectPath="" Required="False" TextBuffered="False" UniqueName="False" DefaultValue="" RSSTitle="False" RSSDescription="False" MemberSelectGroupID="0" EditTab="" Scramble="False" LookupList="" NotEditable="False" Password="False" ReadOnly="False" ManyToManyRulePrimaryField="" ManyToManyRuleSecondaryField="" IsModified="False" IsBaseField="False" LookupContent="" RedirectContent="" ManyToManyContent="" ManyToManyRuleContent="" editorAddonId="" >
			<HelpDefault>Address of the user given during the donation</HelpDefault>
		</Field>
		<Field Name="address2" active="True" AdminOnly="False" Authorable="True" Caption="Address 2" DeveloperOnly="False" EditSortPriority="240" FieldType="Text" HTMLContent="False" IndexColumn="0" IndexSortDirection="" IndexSortOrder="0" IndexWidth="" RedirectID="" RedirectPath="" Required="False" TextBuffered="False" UniqueName="False" DefaultValue="" RSSTitle="False" RSSDescription="False" MemberSelectGroupID="0" EditTab="" Scramble="False" LookupList="" NotEditable="False" Password="False" ReadOnly="False" ManyToManyRulePrimaryField="" ManyToManyRuleSecondaryField="" IsModified="False" IsBaseField="False" LookupContent="" RedirectContent="" ManyToManyContent="" ManyToManyRuleContent="" editorAddonId="" >
			<HelpDefault>Address 2 of the user given during the donation</HelpDefault>
		</Field>
		<Field Name="city" active="True" AdminOnly="False" Authorable="True" Caption="City" DeveloperOnly="False" EditSortPriority="250" FieldType="Text" HTMLContent="False" IndexColumn="0" IndexSortDirection="" IndexSortOrder="0" IndexWidth="" RedirectID="" RedirectPath="" Required="False" TextBuffered="False" UniqueName="False" DefaultValue="" RSSTitle="False" RSSDescription="False" MemberSelectGroupID="0" EditTab="" Scramble="False" LookupList="" NotEditable="False" Password="False" ReadOnly="False" ManyToManyRulePrimaryField="" ManyToManyRuleSecondaryField="" IsModified="False" IsBaseField="False" LookupContent="" RedirectContent="" ManyToManyContent="" ManyToManyRuleContent="" editorAddonId="" >
			<HelpDefault>City of the user given during the donation</HelpDefault>
		</Field>
		<Field Name="state" active="True" AdminOnly="False" Authorable="True" Caption="State" DeveloperOnly="False" EditSortPriority="260" FieldType="Text" HTMLContent="False" IndexColumn="0" IndexSortDirection="" IndexSortOrder="0" IndexWidth="" RedirectID="" RedirectPath="" Required="False" TextBuffered="False" UniqueName="False" DefaultValue="" RSSTitle="False" RSSDescription="False" MemberSelectGroupID="0" EditTab="" Scramble="False" LookupList="" NotEditable="False" Password="False" ReadOnly="False" ManyToManyRulePrimaryField="" ManyToManyRuleSecondaryField="" IsModified="False" IsBaseField="False" LookupContent="" RedirectContent="" ManyToManyContent="" ManyToManyRuleContent="" editorAddonId="" >
			<HelpDefault>State of the user given during the donation</HelpDefault>
		</Field>
		<Field Name="zip" active="True" AdminOnly="False" Authorable="True" Caption="Zip" DeveloperOnly="False" EditSortPriority="270" FieldType="Text" HTMLContent="False" IndexColumn="0" IndexSortDirection="" IndexSortOrder="0" IndexWidth="" RedirectID="" RedirectPath="" Required="False" TextBuffered="False" UniqueName="False" DefaultValue="" RSSTitle="False" RSSDescription="False" MemberSelectGroupID="0" EditTab="" Scramble="False" LookupList="" NotEditable="False" Password="False" ReadOnly="False" ManyToManyRulePrimaryField="" ManyToManyRuleSecondaryField="" IsModified="False" IsBaseField="False" LookupContent="" RedirectContent="" ManyToManyContent="" ManyToManyRuleContent="" editorAddonId="" >
			<HelpDefault>Zip of the user given during the donation</HelpDefault>
		</Field>
		<Field Name="phone" active="True" AdminOnly="False" Authorable="True" Caption="Phone" DeveloperOnly="False" EditSortPriority="280" FieldType="Text" HTMLContent="False" IndexColumn="0" IndexSortDirection="" IndexSortOrder="0" IndexWidth="" RedirectID="" RedirectPath="" Required="False" TextBuffered="False" UniqueName="False" DefaultValue="" RSSTitle="False" RSSDescription="False" MemberSelectGroupID="0" EditTab="" Scramble="False" LookupList="" NotEditable="False" Password="False" ReadOnly="False" ManyToManyRulePrimaryField="" ManyToManyRuleSecondaryField="" IsModified="False" IsBaseField="False" LookupContent="" RedirectContent="" ManyToManyContent="" ManyToManyRuleContent="" editorAddonId="" >
			<HelpDefault>Phone of the user given during the donation</HelpDefault>
		</Field>
		<Field Name="email" active="True" AdminOnly="False" Authorable="True" Caption="Email" DeveloperOnly="False" EditSortPriority="290" FieldType="Text" HTMLContent="False" IndexColumn="0" IndexSortDirection="" IndexSortOrder="0" IndexWidth="" RedirectID="" RedirectPath="" Required="False" TextBuffered="False" UniqueName="False" DefaultValue="" RSSTitle="False" RSSDescription="False" MemberSelectGroupID="0" EditTab="" Scramble="False" LookupList="" NotEditable="False" Password="False" ReadOnly="False" ManyToManyRulePrimaryField="" ManyToManyRuleSecondaryField="" IsModified="False" IsBaseField="False" LookupContent="" RedirectContent="" ManyToManyContent="" ManyToManyRuleContent="" editorAddonId="" >
			<HelpDefault>Email of the user given during the donation</HelpDefault>
		</Field>
		<Field Name="cardName" active="True" AdminOnly="False" Authorable="True" Caption="Card Name" DeveloperOnly="False" EditSortPriority="100" FieldType="Text" HTMLContent="False" IndexColumn="0" IndexSortDirection="" IndexSortOrder="0" IndexWidth="" RedirectID="" RedirectPath="" Required="False" TextBuffered="False" UniqueName="False" DefaultValue="" RSSTitle="False" RSSDescription="False" MemberSelectGroupID="0" EditTab="Payment Information" Scramble="False" LookupList="" NotEditable="False" Password="False" ReadOnly="False" ManyToManyRulePrimaryField="" ManyToManyRuleSecondaryField="" IsModified="False" IsBaseField="False" LookupContent="" RedirectContent="" ManyToManyContent="" ManyToManyRuleContent="" editorAddonId="" >
			<HelpDefault>Name on card charged for the donation</HelpDefault>
		</Field>
		<Field Name="cardNumber" active="True" AdminOnly="False" Authorable="True" Caption="Card Number" DeveloperOnly="False" EditSortPriority="110" FieldType="Text" HTMLContent="False" IndexColumn="0" IndexSortDirection="" IndexSortOrder="0" IndexWidth="" RedirectID="" RedirectPath="" Required="False" TextBuffered="False" UniqueName="False" DefaultValue="" RSSTitle="False" RSSDescription="False" MemberSelectGroupID="0" EditTab="Payment Information" Scramble="False" LookupList="" NotEditable="False" Password="False" ReadOnly="False" ManyToManyRulePrimaryField="" ManyToManyRuleSecondaryField="" IsModified="False" IsBaseField="False" LookupContent="" RedirectContent="" ManyToManyContent="" ManyToManyRuleContent="" editorAddonId="" >
			<HelpDefault>Account number charged for the donation</HelpDefault>
		</Field>
		<Field Name="cardExpiration" active="True" AdminOnly="False" Authorable="True" Caption="Card Expiration" DeveloperOnly="False" EditSortPriority="120" FieldType="Text" HTMLContent="False" IndexColumn="0" IndexSortDirection="" IndexSortOrder="0" IndexWidth="" RedirectID="" RedirectPath="" Required="False" TextBuffered="False" UniqueName="False" DefaultValue="" RSSTitle="False" RSSDescription="False" MemberSelectGroupID="0" EditTab="Payment Information" Scramble="False" LookupList="" NotEditable="False" Password="False" ReadOnly="False" ManyToManyRulePrimaryField="" ManyToManyRuleSecondaryField="" IsModified="False" IsBaseField="False" LookupContent="" RedirectContent="" ManyToManyContent="" ManyToManyRuleContent="" editorAddonId="" >
			<HelpDefault>Expiration of the card charged for the donation</HelpDefault>
		</Field>
		<Field Name="amount" active="True" AdminOnly="False" Authorable="True" Caption="Amount" DeveloperOnly="False" EditSortPriority="50" FieldType="Currency" HTMLContent="False" IndexColumn="0" IndexSortDirection="" IndexSortOrder="0" IndexWidth="" RedirectID="" RedirectPath="" Required="False" TextBuffered="False" UniqueName="False" DefaultValue="" RSSTitle="False" RSSDescription="False" MemberSelectGroupID="0" EditTab="Payment Information" Scramble="False" LookupList="" NotEditable="False" Password="False" ReadOnly="False" ManyToManyRulePrimaryField="" ManyToManyRuleSecondaryField="" IsModified="False" IsBaseField="False" LookupContent="" RedirectContent="" ManyToManyContent="" ManyToManyRuleContent="" editorAddonId="" >
			<HelpDefault>Amount charged for the donation</HelpDefault>
		</Field>
		<Field Name="cardBillingAddress" active="True" AdminOnly="False" Authorable="True" Caption="Card Billing Address" DeveloperOnly="False" EditSortPriority="130" FieldType="Text" HTMLContent="False" IndexColumn="0" IndexSortDirection="" IndexSortOrder="0" IndexWidth="" RedirectID="" RedirectPath="" Required="False" TextBuffered="False" UniqueName="False" DefaultValue="" RSSTitle="False" RSSDescription="False" MemberSelectGroupID="0" EditTab="Payment Information" Scramble="False" LookupList="" NotEditable="False" Password="False" ReadOnly="False" ManyToManyRulePrimaryField="" ManyToManyRuleSecondaryField="" IsModified="False" IsBaseField="False" LookupContent="" RedirectContent="" ManyToManyContent="" ManyToManyRuleContent="" editorAddonId="" >
			<HelpDefault>Billing address of the card charged for the donation</HelpDefault>
		</Field>
		<Field Name="cardBillingZip" active="True" AdminOnly="False" Authorable="True" Caption="Card Billing Zip" DeveloperOnly="False" EditSortPriority="140" FieldType="Text" HTMLContent="False" IndexColumn="0" IndexSortDirection="" IndexSortOrder="0" IndexWidth="" RedirectID="" RedirectPath="" Required="False" TextBuffered="False" UniqueName="False" DefaultValue="" RSSTitle="False" RSSDescription="False" MemberSelectGroupID="0" EditTab="Payment Information" Scramble="False" LookupList="" NotEditable="False" Password="False" ReadOnly="False" ManyToManyRulePrimaryField="" ManyToManyRuleSecondaryField="" IsModified="False" IsBaseField="False" LookupContent="" RedirectContent="" ManyToManyContent="" ManyToManyRuleContent="" editorAddonId="" >
			<HelpDefault>Billing zip of the card charged for the donation</HelpDefault>
		</Field>
		<Field Name="cardCode" active="True" AdminOnly="False" Authorable="True" Caption="Card Code" DeveloperOnly="False" EditSortPriority="150" FieldType="Text" HTMLContent="False" IndexColumn="0" IndexSortDirection="" IndexSortOrder="0" IndexWidth="" RedirectID="" RedirectPath="" Required="False" TextBuffered="False" UniqueName="False" DefaultValue="" RSSTitle="False" RSSDescription="False" MemberSelectGroupID="0" EditTab="Payment Information" Scramble="False" LookupList="" NotEditable="False" Password="False" ReadOnly="False" ManyToManyRulePrimaryField="" ManyToManyRuleSecondaryField="" IsModified="False" IsBaseField="False" LookupContent="" RedirectContent="" ManyToManyContent="" ManyToManyRuleContent="" editorAddonId="" >
			<HelpDefault>CVV Code (three digits on the back) of the card charged for the donation</HelpDefault>
		</Field>
		<Field Name="processorReference" active="True" AdminOnly="False" Authorable="True" Caption="Reference Number" DeveloperOnly="False" EditSortPriority="160" FieldType="Text" HTMLContent="False" IndexColumn="0" IndexSortDirection="" IndexSortOrder="0" IndexWidth="" RedirectID="" RedirectPath="" Required="False" TextBuffered="False" UniqueName="False" DefaultValue="" RSSTitle="False" RSSDescription="False" MemberSelectGroupID="0" EditTab="Payment Information" Scramble="False" LookupList="" NotEditable="False" Password="False" ReadOnly="False" ManyToManyRulePrimaryField="" ManyToManyRuleSecondaryField="" IsModified="False" IsBaseField="False" LookupContent="" RedirectContent="" ManyToManyContent="" ManyToManyRuleContent="" editorAddonId="" >
			<HelpDefault>Reference number from the payment gateway for this transaction</HelpDefault>
		</Field>
		<Field Name="processorResponse" active="True" AdminOnly="False" Authorable="True" Caption="Processor Response" DeveloperOnly="False" EditSortPriority="170" FieldType="Text" HTMLContent="False" IndexColumn="0" IndexSortDirection="" IndexSortOrder="0" IndexWidth="" RedirectID="" RedirectPath="" Required="False" TextBuffered="False" UniqueName="False" DefaultValue="" RSSTitle="False" RSSDescription="False" MemberSelectGroupID="0" EditTab="Payment Information" Scramble="False" LookupList="" NotEditable="False" Password="False" ReadOnly="False" ManyToManyRulePrimaryField="" ManyToManyRuleSecondaryField="" IsModified="False" IsBaseField="False" LookupContent="" RedirectContent="" ManyToManyContent="" ManyToManyRuleContent="" editorAddonId="" >
			<HelpDefault>Response from the payment gateway for this transaction</HelpDefault>
		</Field>
		<Field Name="memberID" active="True" AdminOnly="False" Authorable="True" Caption="Member" DeveloperOnly="False" EditSortPriority="300" FieldType="Lookup" HTMLContent="False" IndexColumn="0" IndexSortDirection="" IndexSortOrder="0" IndexWidth="" RedirectID="" RedirectPath="" Required="False" TextBuffered="False" UniqueName="False" DefaultValue="" RSSTitle="False" RSSDescription="False" MemberSelectGroupID="0" EditTab="" Scramble="False" LookupList="" NotEditable="True" Password="False" ReadOnly="False" ManyToManyRulePrimaryField="" ManyToManyRuleSecondaryField="" IsModified="False" IsBaseField="False" LookupContent="People" RedirectContent="" ManyToManyContent="" ManyToManyRuleContent="" editorAddonId="" >
			<HelpDefault>The member record associated the the user who donated</HelpDefault>
		</Field>
		<Field Name="visitID" active="True" AdminOnly="False" Authorable="True" Caption="Visit" DeveloperOnly="False" EditSortPriority="310" FieldType="Integer" HTMLContent="False" IndexColumn="0" IndexSortDirection="" IndexSortOrder="0" IndexWidth="" RedirectID="" RedirectPath="" Required="False" TextBuffered="False" UniqueName="False" DefaultValue="" RSSTitle="False" RSSDescription="False" MemberSelectGroupID="0" EditTab="" Scramble="False" LookupList="" NotEditable="False" Password="False" ReadOnly="False" ManyToManyRulePrimaryField="" ManyToManyRuleSecondaryField="" IsModified="False" IsBaseField="False" LookupContent="" RedirectContent="" ManyToManyContent="" ManyToManyRuleContent="" editorAddonId="" >
			<HelpDefault>Visit ID of the user during the donation - informational purposes only</HelpDefault>
		</Field>
	</CDef>
	<ImportCollection name="Ecommerce">{8DBE6B55-18DB-44EB-9A4A-5CBBA84DF35A}</ImportCollection>
	<Resource name="aodonationform.dll" type="executable" path="" />
</Collection>